{"Hips": [0.00035468654823489487, -0.023601844906806946, -0.002488470170646906], "Spine1": [0.0020013831090182066, 0.13964611291885376, -0.020265385508537292], "Spine2": [0.003648079466074705, 0.3028940260410309, -0.03804229944944382], "Neck": [0.005344676785171032, 0.47108888626098633, -0.05635790154337883], "Head": [0.0070412722416222095, 0.6392837166786194, -0.07467352598905563], "LeftArm": [-0.11492025852203369, 0.478298157453537, -0.09536349028348923], "LeftForeArm": [-0.24228763580322266, 0.314895361661911, -0.15901245176792145], "LeftHand": [-0.21978653967380524, 0.20653297007083893, -0.24212200939655304], "RightArm": [0.1256096065044403, 0.46387961506843567, -0.01735232211649418], "RightForeArm": [0.24012614786624908, 0.2695460915565491, -0.04236637055873871], "RightHand": [0.28960758447647095, 0.13714458048343658, -0.14998607337474823], "LeftUpLeg": [-0.07570286840200424, -0.021550606936216354, -0.02446313388645649], "LeftLeg": [-0.09591047465801239, -0.3460671007633209, -0.10633785277605057], "LeftFoot": [-0.10730753093957901, -0.6592909097671509, -0.027198679745197296], "RightUpLeg": [0.07641223818063736, -0.025653082877397537, 0.019486192613840103], "RightLeg": [0.09641925990581512, -0.37568917870521545, -0.00037208772846497595], "RightFoot": [0.0852465033531189, -0.688338577747345, 0.10926773399114609]}